城市,年份,收入,支出,存款,GDP,财政自给率(%),个人储蓄率(%)
上海,2006,1576.07,1795.57,8730.0,10825.4,87.7755,80.6437
上海,2007,2074.48,2181.68,8745.22,13179.8,95.0864,66.3532
上海,2008,2358.75,2593.92,11464.15,14877.1,90.9338,77.059
上海,2009,2540.3,2989.65,13707.32,16181.4,84.9698,84.7103
上海,2010,2873.58,3302.89,15650.24,18319.6,87.002,85.4289
上海,2011,3429.83,3914.88,17288.45,20406.1,87.6101,84.722
上海,2012,3743.71,4184.02,19506.7,21774.9,89.4764,89.5834
上海,2013,4109.51,4528.61,20486.25,23809.4,90.7455,86.0427
上海,2014,4585.55,4923.44,21269.3,25964.5,93.1371,81.9168
上海,2015,5519.5,6191.56,23384.73,27821.6,89.1455,84.0524
上海,2016,6406.13,6918.94,23639.8,30963.9,92.5883,76.3463
上海,2017,6642.26,7547.62,24338.48,34378.3,88.0047,70.7961
上海,2018,7108.15,8351.54,27071.74,37769.1,85.1118,71.677
上海,2019,7165.1,8179.28,31727.73,40241.2,87.6006,78.8439
上海,2020,7046.3,8102.11,36733.97,41603.9,86.9687,88.2945
上海,2021,7771.8,8430.86,41150.4,47059.4,92.1828,87.4435
上海,2022,7608.0,9393.0,52638.0,48594.5,80.9965,108.3209
上海,2023,8312.5,9638.51,58319.93,51404.5,86.2426,113.453
上海,2024,8374.17,9874.84,63910.99,53759.5,84.8031,118.8832
乌鲁木齐,2006,57.04,49.53,678.16,654.3,115.1625,103.6466
乌鲁木齐,2007,73.43,68.32,679.53,820.28,107.4795,82.8412
乌鲁木齐,2008,100.98,99.35,872.22,1020.35,101.6407,85.4824
乌鲁木齐,2009,113.54,133.88,1040.71,1095.0,84.8073,95.042
乌鲁木齐,2010,147.99,159.61,1242.85,1338.5,92.7198,92.8539
乌鲁木齐,2011,229.59,238.49,1470.34,1690.03,96.2682,87.0008
乌鲁木齐,2012,252.01,295.6,1715.97,2004.1,85.2537,85.623
乌鲁木齐,2013,301.9,353.2,1896.3,2202.85,85.4757,86.0839
乌鲁木齐,2014,340.62,404.81,1974.84,2461.47,84.1432,80.2301
乌鲁木齐,2015,368.67,446.66,2157.31,2631.64,82.5393,81.9759
乌鲁木齐,2016,369.67,417.56,2295.69,2458.98,88.531,93.3594
乌鲁木齐,2017,400.78,458.58,2600.39,2743.82,87.3959,94.7726
乌鲁木齐,2018,458.28,659.79,2871.11,3099.77,69.4585,92.6233
乌鲁木齐,2019,472.46,620.28,3171.71,3413.0,76.1688,92.9303
乌鲁木齐,2020,392.64,536.87,3680.28,3337.0,73.135,110.2871
乌鲁木齐,2021,377.93,419.59,4027.86,3691.57,90.0713,109.1097
乌鲁木齐,2022,314.82,455.77,4647.52,3893.22,69.0743,119.3747
乌鲁木齐,2023,369.79,504.05,5306.0,4168.0,73.3638,127.3033
乌鲁木齐,2024,371.3,465.52,5905.76,4502.16,79.7603,131.1761
兰州,2006,33.14,63.13,687.75,638.47,52.4949,107.7185
兰州,2007,46.63,83.3,649.66,732.76,55.9784,88.6593
兰州,2008,50.86,99.66,823.83,846.28,51.0335,97.3472
兰州,2009,57.04,119.83,1089.97,926.0,47.6008,117.7073
兰州,2010,72.76,146.93,1295.95,1100.4,49.5202,117.7708
兰州,2011,86.49,175.48,1480.16,1360.03,49.2877,108.8329
兰州,2012,103.73,202.6,1743.18,1563.8,51.1994,111.4708
兰州,2013,124.5,242.34,2021.56,1776.28,51.3741,113.8086
兰州,2014,152.33,280.1,2262.94,2000.94,54.3841,113.0938
兰州,2015,185.19,344.0,2608.54,2095.99,53.8343,124.4538
兰州,2016,215.48,424.16,2796.24,2264.23,50.8016,123.4963
兰州,2017,234.2,429.36,2949.27,2523.54,54.5463,116.8703
兰州,2018,253.32,465.64,3244.08,2732.94,54.4025,118.7029
兰州,2019,233.23,456.66,3571.18,2837.0,51.073,125.8787
兰州,2020,247.13,486.24,3859.63,2887.0,50.8247,133.69
兰州,2021,276.73,484.59,4082.97,3231.29,57.106,126.3573
兰州,2022,220.98,498.8,4569.26,3343.5,44.3023,136.661
兰州,2023,255.33,502.92,5130.17,3487.0,50.7695,147.1227
兰州,2024,251.91,547.64,5639.54,3742.25,45.9992,150.6992
北京,2006,1117.15,1296.84,8705.6,8618.9,86.144,101.0059
北京,2007,1492.64,1649.5,9155.34,10730.4,90.4905,85.3215
北京,2008,1837.32,1959.29,11952.84,12167.6,93.7748,98.235
北京,2009,2026.81,2319.37,14672.1,13335.7,87.3862,110.0212
北京,2010,2353.93,2717.32,17003.11,15420.2,86.6269,110.2652
北京,2011,3006.28,3245.23,19126.14,17653.3,92.6369,108.3431
北京,2012,3314.93,3685.31,21644.9,19568.3,89.9498,110.6121
北京,2013,3661.11,4173.66,23086.41,21746.0,87.7194,106.1639
北京,2014,4027.16,4524.67,24158.4,23577.5,89.0045,102.4638
北京,2015,4723.86,5737.7,23913.97,26034.1,82.3302,91.8563
北京,2016,5081.26,6406.77,28012.03,28438.7,79.3108,98.4997
北京,2017,5430.79,6824.53,28962.2,31325.9,79.5775,92.4545
北京,2018,5785.92,7471.43,34018.96,35161.4,77.4406,96.7509
北京,2019,5817.1,7408.19,37309.68,37767.0,78.5226,98.7891
北京,2020,5483.89,7116.18,42888.76,38503.6,77.0623,111.389
北京,2021,5932.31,7205.12,47184.31,44350.7,82.3346,106.3891
北京,2022,5714.36,7469.15,56915.76,45222.4,76.5062,125.8575
北京,2023,6181.1,7971.25,64020.36,47353.7,77.5424,135.1961
北京,2024,6372.68,8396.49,70398.15,49670.2,75.897,141.7312
南京,2006,246.44,262.46,1834.88,2773.78,93.8962,66.1509
南京,2007,330.19,342.94,1951.16,3283.73,96.2821,59.419
南京,2008,386.56,404.67,2505.33,3775.0,95.5247,66.3664
南京,2009,434.51,461.27,3056.35,4230.0,94.1986,72.2541
南京,2010,518.8,542.18,3511.85,5130.7,95.6878,68.4478
南京,2011,635.0,666.21,3910.2,6145.52,95.3153,63.6268
南京,2012,733.02,769.66,4465.37,7201.6,95.2395,62.0052
南京,2013,831.31,850.91,4883.29,8011.78,97.6966,60.9514
南京,2014,903.49,921.2,5055.77,8820.75,98.0775,57.3168
南京,2015,1020.03,1045.57,5535.53,9720.77,97.5573,56.9454
南京,2016,1142.6,1173.84,5894.47,10503.02,97.3386,56.1217
南京,2017,1271.91,1354.09,6019.7,11715.1,93.931,51.3841
南京,2018,1470.02,1532.72,6914.84,12820.4,95.9092,53.9362
南京,2019,1580.03,1658.07,8299.64,14031.0,95.2933,59.1522
南京,2020,1637.7,1754.62,9499.25,14818.0,93.3364,64.1062
南京,2021,1729.52,1817.73,10636.78,16356.0,95.1472,65.0329
南京,2022,1558.21,1828.69,13078.05,16907.85,85.2091,77.349
南京,2023,1619.98,1838.7,15228.95,17421.0,88.1046,87.4172
南京,2024,1596.02,1705.26,17091.85,18500.81,93.5939,92.3843
南宁,2006,56.62,93.08,681.45,870.15,60.8294,78.3141
南宁,2007,70.15,118.0,714.79,1069.01,59.4492,66.8647
南宁,2008,92.88,166.08,888.65,1316.21,55.9249,67.5158
南宁,2009,120.46,203.55,1116.2,1525.0,59.1796,73.1934
南宁,2010,156.1,261.28,1375.89,1800.3,59.7443,76.4256
南宁,2011,186.29,302.31,1581.03,2211.4,61.6222,71.4945
南宁,2012,229.72,376.51,1863.8,2503.2,61.013,74.4567
南宁,2013,256.25,418.4,2321.16,2803.54,61.2452,82.7939
南宁,2014,274.85,465.78,2529.86,3148.3,59.0085,80.3564
南宁,2015,297.05,526.72,2700.37,3410.09,56.3962,79.1876
南宁,2016,312.79,586.98,2924.55,3703.33,53.288,78.9708
南宁,2017,332.15,646.37,3176.69,4118.83,51.387,77.126
南宁,2018,358.96,697.99,3542.83,4026.91,51.4277,87.9789
南宁,2019,370.93,789.2,3960.31,4507.0,47.0008,87.8702
南宁,2020,372.25,819.86,4415.35,4726.0,45.4041,93.4268
南宁,2021,392.0,778.0,4878.8,5120.94,50.3856,95.2716
南宁,2022,392.68,838.93,5521.82,5218.35,46.8072,105.8154
南宁,2023,400.88,816.48,6117.13,5469.0,49.0986,111.851
南宁,2024,381.16,796.99,6713.22,5995.36,47.8249,111.9736
南昌,2006,68.11,93.37,733.85,1183.9,72.9463,61.9858
南昌,2007,87.22,116.86,744.57,1389.89,74.6363,53.5704
南昌,2008,102.15,148.17,955.4,1660.08,68.9411,57.5514
南昌,2009,115.88,181.75,1181.82,1838.0,63.7579,64.2992
南昌,2010,146.46,232.03,1417.58,2200.1,63.1211,64.4325
南昌,2011,187.03,299.37,1603.96,2688.87,62.4745,59.6518
南昌,2012,240.02,345.51,1853.57,3000.5,69.4683,61.7754
南昌,2013,291.91,419.37,2051.16,3336.03,69.6068,61.4851
南昌,2014,342.21,473.16,2149.33,3667.96,72.3244,58.5974
南昌,2015,389.34,543.18,2491.39,4000.01,71.6779,62.2846
南昌,2016,402.18,583.26,2722.42,4354.99,68.9538,62.5127
南昌,2017,417.08,653.12,2869.84,5003.19,63.8596,57.3602
南昌,2018,461.75,752.41,3132.04,5274.67,61.3695,59.3789
南昌,2019,477.0,834.11,3618.06,5596.0,57.1867,64.6544
南昌,2020,483.86,838.17,4278.65,5746.0,57.7281,74.4631
南昌,2021,484.83,870.01,4737.98,6650.53,55.7269,71.2421
南昌,2022,457.68,939.04,5750.37,7203.5,48.7391,79.8274
南昌,2023,500.18,925.55,6641.74,7213.0,54.0414,92.0801
南昌,2024,526.21,940.07,7516.14,7800.37,55.9756,96.3562
厦门,2006,136.17,159.13,680.82,1168.02,85.5715,58.2884
厦门,2007,186.53,198.66,740.0,1387.85,93.8941,53.3199
厦门,2008,220.23,238.09,929.44,1560.02,92.4986,59.5787
厦门,2009,240.56,268.05,1158.1,1737.0,89.7445,66.6724
厦门,2010,289.17,306.95,1384.67,2060.1,94.2075,67.2137
厦门,2011,370.77,389.07,1558.74,2539.31,95.2965,61.3844
厦门,2012,422.91,460.98,1680.19,2817.1,91.7415,59.6425
厦门,2013,490.6,516.74,1950.1,3018.16,94.9414,64.6122
厦门,2014,543.8,548.25,1972.02,3273.58,99.1883,60.2405
厦门,2015,606.1,651.17,2050.27,3466.03,93.0786,59.1533
厦门,2016,647.94,758.64,2172.0,3784.27,85.4081,57.3955
厦门,2017,696.87,797.1,2292.06,4351.7,87.4257,52.6705
厦门,2018,754.54,892.5,2610.18,4791.41,84.5423,54.4762
厦门,2019,768.38,912.98,3062.0,5995.0,84.1618,51.0759
厦门,2020,783.94,976.91,3684.39,6384.0,80.2469,57.7129
厦门,2021,880.96,1060.0,4197.79,7033.89,83.1094,59.6795
厦门,2022,883.81,1088.74,5213.39,7802.66,81.1773,66.8155
厦门,2023,932.14,1084.65,5963.18,8066.0,85.9392,73.9298
厦门,2024,933.35,1059.2,6546.18,8589.01,88.1184,76.2158
合肥,2006,79.4,102.89,624.56,1073.76,77.1698,58.1657
合肥,2007,169.32,167.08,673.09,1334.61,101.3407,50.4335
合肥,2008,222.08,222.25,852.83,1664.84,99.9235,51.2259
合肥,2009,180.9,245.86,1031.81,2102.0,73.5785,49.0871
合肥,2010,259.43,317.72,1233.73,2701.6,81.6537,45.6666
合肥,2011,338.51,474.89,1689.54,3636.6,71.2818,46.4593
合肥,2012,389.5,572.1,2065.57,4164.3,68.0825,49.6019
合肥,2013,438.62,630.89,2355.77,4672.91,69.524,50.4133
合肥,2014,500.34,698.79,2539.5,5157.97,71.6009,49.2345
合肥,2015,571.54,772.66,3018.54,5660.27,73.9704,53.3286
合肥,2016,614.85,859.85,3281.26,6274.38,71.5067,52.2962
合肥,2017,655.9,965.34,3489.18,7213.45,67.945,48.3705
合肥,2018,712.49,1004.91,4003.41,7822.91,70.9009,51.1755
合肥,2019,745.99,1122.67,4667.22,9409.0,66.4478,49.6038
合肥,2020,762.9,1164.35,5589.4,10046.0,65.5215,55.6381
合肥,2021,844.22,1223.72,6394.14,11412.8,68.988,56.026
合肥,2022,909.25,1380.18,7958.04,12013.1,65.8791,66.2447
合肥,2023,929.63,1411.34,9387.14,12674.0,65.8686,74.0661
合肥,2024,955.01,1581.06,10785.84,13507.69,60.4031,79.8496
呼和浩特,2006,45.52,75.5,453.08,900.08,60.2914,50.3377
呼和浩特,2007,57.96,100.51,511.38,1101.13,57.6659,46.4414
呼和浩特,2008,82.25,133.18,640.56,1316.37,61.7585,48.6611
呼和浩特,2009,106.79,165.16,775.89,1644.0,64.6585,47.1953
呼和浩特,2010,126.76,177.28,929.81,1865.7,71.5027,49.8371
呼和浩特,2011,151.43,255.67,1053.68,2177.27,59.2287,48.3945
呼和浩特,2012,178.64,275.32,1243.27,2475.6,64.8845,50.221
呼和浩特,2013,182.02,294.84,1414.62,2710.39,61.7352,52.1925
呼和浩特,2014,211.54,310.91,1480.88,2894.05,68.039,51.1698
呼和浩特,2015,247.4,360.64,1683.96,3090.52,68.6003,54.4879
呼和浩特,2016,269.65,419.97,1866.01,3173.59,64.207,58.7981
呼和浩特,2017,201.5,403.04,1953.41,2743.72,49.995,71.1957
呼和浩特,2018,204.72,356.74,2174.09,2903.5,57.3863,74.8783
呼和浩特,2019,203.12,417.92,2391.64,2791.0,48.6026,85.6912
呼和浩特,2020,217.1,438.57,2623.75,2801.0,49.5018,93.6719
呼和浩特,2021,228.92,420.75,2893.1,3121.43,54.4076,92.6851
呼和浩特,2022,230.87,420.98,3372.46,3329.1,54.8411,101.3025
呼和浩特,2023,238.06,592.97,3903.7,3802.0,40.1471,102.6749
呼和浩特,2024,255.12,581.61,3771.45,4107.08,43.8644,91.828
哈尔滨,2006,118.29,194.68,1563.83,2094.08,60.7612,74.6786
哈尔滨,2007,132.05,232.38,1541.1,2436.8,56.825,63.2428
哈尔滨,2008,164.01,301.27,1916.76,2868.19,54.4395,66.8282
哈尔滨,2009,193.36,348.41,2249.55,3175.0,55.4978,70.852
哈尔滨,2010,238.14,452.97,2580.14,3664.9,52.573,70.4014
哈尔滨,2011,300.32,557.14,2896.57,4242.19,53.9039,68.2801
哈尔滨,2012,354.72,643.58,3320.67,4550.2,55.1167,72.9786
哈尔滨,2013,402.28,709.78,3593.56,5017.05,56.6767,71.627
哈尔滨,2014,423.52,740.08,3768.82,5340.07,57.2262,70.5762
哈尔滨,2015,407.73,824.84,4370.42,5751.21,49.4314,75.9913
哈尔滨,2016,376.24,876.29,4671.9,6101.61,42.9356,76.5683
哈尔滨,2017,368.1,958.47,4938.37,6355.05,38.405,77.7078
哈尔滨,2018,384.37,962.17,5394.26,6300.48,39.9482,85.6167
哈尔滨,2019,370.91,1101.14,6291.84,5249.0,33.6842,119.8674
哈尔滨,2020,339.57,1162.25,7311.39,5184.0,29.2166,141.0376
哈尔滨,2021,365.81,992.08,8187.2,5351.66,36.873,152.9843
哈尔滨,2022,262.2,1065.5,9645.65,5490.1,24.6082,175.6917
哈尔滨,2023,313.07,1080.7,11005.59,5576.0,28.9692,197.3743
哈尔滨,2024,337.84,1257.56,12056.26,6016.33,26.8647,200.3923
大连,2006,196.14,266.52,1866.49,2569.67,73.593,72.6354
大连,2007,267.98,344.57,1836.99,3130.68,77.7723,58.677
大连,2008,339.07,410.0,2388.97,3858.25,82.7,61.9185
大连,2009,400.23,471.16,2930.65,4350.0,84.9457,67.3713
大连,2010,500.83,611.47,3374.82,5158.2,81.9059,65.4263
大连,2011,651.13,734.94,3672.21,6150.63,88.5963,59.7046
大连,2012,750.11,890.96,4160.47,7002.8,84.1912,59.4115
大连,2013,850.16,1083.54,4483.77,7650.79,78.4613,58.6053
大连,2014,780.86,989.46,4666.71,7655.58,78.9178,60.9583
大连,2015,579.91,910.69,5107.89,7731.64,63.6781,66.0648
大连,2016,611.9,870.28,5277.66,6810.2,70.3107,77.4964
大连,2017,657.64,919.84,5414.5,7363.92,71.495,73.5274
大连,2018,703.99,1001.49,6039.97,7668.48,70.2943,78.7636
大连,2019,692.84,1016.28,6842.29,7002.0,68.1741,97.7191
大连,2020,702.68,1001.98,7843.76,7030.0,70.1291,111.5755
大连,2021,737.6,980.05,8686.07,7825.95,75.2615,110.9906
大连,2022,669.77,991.08,10070.22,8430.95,67.5798,119.4435
大连,2023,750.24,1013.5,11390.73,8753.0,74.0247,130.1352
大连,2024,774.77,1085.14,12401.49,9516.87,71.3982,130.3106
天津,2006,417.05,543.12,2808.1,3592.5,76.7878,78.1656
天津,2007,540.44,674.33,3083.07,4229.8,80.1447,72.8893
天津,2008,675.62,867.72,3978.04,5278.3,77.8615,75.3659
天津,2009,821.99,1124.28,4885.86,5828.6,73.1126,83.8256
天津,2010,1068.81,1376.84,5558.23,6991.6,77.6278,79.4987
天津,2011,1455.13,1796.33,6123.08,8240.8,81.0057,74.302
天津,2012,1760.02,2143.21,7055.4,9193.0,82.1207,76.7475
天津,2013,2079.07,2549.21,7612.31,10075.2,81.5574,75.5549
天津,2014,2390.35,2884.7,7916.9,10749.2,82.863,73.6511
天津,2015,2667.11,3232.35,8743.79,10889.2,82.513,80.2978
天津,2016,2723.5,3699.43,9125.38,11487.0,73.6194,79.4409
天津,2017,2310.36,3282.54,9558.05,12468.2,70.3833,76.6594
天津,2018,2106.24,3103.16,10746.17,13411.1,67.874,80.1289
天津,2019,2410.41,3555.71,12639.64,14097.2,67.7898,89.6606
天津,2020,1923.11,3151.35,14865.71,14230.8,61.025,104.4615
天津,2021,2141.06,3152.55,16244.12,16093.2,67.9152,100.9378
天津,2022,1846.69,2729.83,19211.24,16588.5,67.6485,115.8106
天津,2023,2027.51,3280.42,21996.82,17211.8,61.8064,127.8008
天津,2024,2134.2,3627.18,24069.63,17931.3,58.8391,134.2325
太原,2006,75.33,95.42,1183.95,1013.65,78.9457,116.8007
太原,2007,88.42,115.65,1307.24,1254.94,76.4548,104.1675
太原,2008,116.92,152.86,1728.92,1468.09,76.4883,117.7666
太原,2009,117.53,159.91,2085.0,1545.0,73.4976,134.9515
太原,2010,138.48,189.64,2386.79,1778.1,73.0226,134.2326
太原,2011,174.72,239.31,2775.57,2080.12,73.0099,133.4332
太原,2012,215.67,277.44,3021.5,2311.4,77.7357,130.7216
太原,2013,247.33,319.11,3307.99,2412.87,77.5062,137.0977
太原,2014,258.85,322.69,3325.78,2531.09,80.2163,131.3971
太原,2015,274.24,419.99,3432.12,2735.34,65.2968,125.4733
太原,2016,282.69,424.07,3661.76,2955.6,66.6612,123.8923
太原,2017,311.85,479.06,4384.88,3382.18,65.0962,129.6466
太原,2018,373.23,542.46,4767.46,3884.48,68.8032,122.731
太原,2019,386.62,610.55,5252.08,4029.0,63.3232,130.3569
太原,2020,378.44,647.34,5896.93,4153.0,58.4608,141.9921
太原,2021,423.44,628.99,6566.4,5121.61,67.3206,128.2097
太原,2022,437.48,715.9,7761.93,5571.17,61.1091,139.3232
太原,2023,449.24,777.26,8825.19,5574.0,57.7979,158.3278
太原,2024,440.26,744.38,9741.2,5418.87,59.1445,179.7644
宁波,2006,257.38,292.7,1752.04,2874.44,87.933,60.9524
宁波,2007,329.12,371.04,1856.08,3435.0,88.702,54.0344
宁波,2008,390.39,439.41,2365.15,3964.05,88.8441,59.665
宁波,2009,432.8,506.08,2901.76,4329.0,85.5201,67.0307
宁波,2010,530.93,600.74,3312.17,5163.0,88.3793,64.152
宁波,2011,657.55,750.72,3696.28,6059.24,87.5892,61.0024
宁波,2012,725.5,828.44,4175.96,6582.2,87.5742,63.4432
宁波,2013,792.81,939.89,4562.36,7128.87,84.3514,63.9984
宁波,2014,860.61,1000.86,4780.31,7610.28,85.9871,62.8139
宁波,2015,1006.41,1252.64,5302.84,8003.61,80.3431,66.2556
宁波,2016,1114.54,1289.26,5689.44,8686.49,86.448,65.4976
宁波,2017,1245.29,1410.6,5902.68,9842.1,88.2809,59.9738
宁波,2018,1379.69,1594.1,6561.26,10745.46,86.5498,61.0608
宁波,2019,1468.51,1767.89,7475.47,11985.0,83.0657,62.3736
宁波,2020,1510.84,1742.09,8522.07,12409.0,86.7257,68.6765
宁波,2021,1723.14,1944.42,9387.31,14594.92,88.6197,64.319
宁波,2022,1680.23,2187.81,11749.75,15704.3,76.7996,74.8187
宁波,2023,1785.86,2235.09,14282.01,16453.0,79.901,86.8049
宁波,2024,1790.47,2230.37,16255.52,18147.7,80.2768,89.5734
广州,2006,427.08,506.79,5562.36,6073.83,84.2716,91.5791
广州,2007,523.79,623.69,5855.79,7109.18,83.9824,82.3694
广州,2008,621.84,713.35,7111.27,8215.82,87.1718,86.5558
广州,2009,702.65,789.92,8214.21,9138.0,88.952,89.8907
广州,2010,872.65,977.32,9302.33,10748.3,89.2901,86.547
广州,2011,979.48,1181.25,10032.62,12423.44,82.9189,80.7556
广州,2012,1102.4,1343.65,11310.69,13551.2,82.0452,83.4663
广州,2013,1141.8,1386.13,12496.69,15420.14,82.3732,81.0414
广州,2014,1243.1,1436.22,12825.64,16706.87,86.5536,76.7687
广州,2015,1349.47,1727.72,13602.38,18100.41,78.107,75.1496
广州,2016,1393.64,1943.75,13995.79,19547.44,71.6985,71.5991
广州,2017,1536.74,2186.01,14625.63,21503.15,70.2989,68.0162
广州,2018,1634.22,2506.18,16042.06,22859.35,65.2076,70.1772
广州,2019,1699.04,2865.33,17980.56,23629.0,59.2965,76.0953
广州,2020,1722.79,2952.65,20774.13,25019.0,58.3472,83.0334
广州,2021,1884.26,3021.18,22768.53,28231.97,62.3683,80.648
广州,2022,1855.1,3022.45,26479.87,28839.0,61.3774,91.8197
广州,2023,1945.06,2971.65,29714.95,30356.0,65.4539,97.8882
广州,2024,1954.74,2782.5,32394.04,31032.5,70.2512,104.3875
成都,2006,186.77,252.24,2411.45,2750.48,74.0446,87.6738
成都,2007,286.38,356.05,2466.4,3324.17,80.4325,74.196
成都,2008,354.69,506.43,3264.79,3900.99,70.0373,83.6913
成都,2009,387.36,600.97,4233.71,4503.0,64.4558,94.0198
成都,2010,526.94,777.38,5071.37,5551.3,67.7841,91.3546
成都,2011,680.69,857.87,5944.77,6854.58,79.3465,86.727
成都,2012,780.9,983.85,7060.03,8138.9,79.3719,86.7443
成都,2013,898.54,1161.75,8151.59,9108.89,77.3437,89.4905
成都,2014,1025.17,1340.0,8976.94,10056.59,76.5052,89.2643
成都,2015,1157.64,1468.42,9922.18,10801.16,78.8358,91.8622
成都,2016,1175.41,1595.89,10808.0,12170.23,73.6523,88.8069
成都,2017,1275.53,1756.66,11970.84,13889.39,72.6111,86.1869
成都,2018,1424.16,1837.42,13141.47,15342.77,77.5087,85.6525
成都,2019,1482.96,2006.95,14900.55,17013.0,73.8912,87.5833
成都,2020,1520.38,2159.48,17084.99,17717.0,70.4049,96.4327
成都,2021,1697.63,2237.69,19020.46,19916.98,75.8653,95.4987
成都,2022,1722.43,2435.01,22402.78,20817.5,70.7361,107.6151
成都,2023,1929.06,2586.83,25768.94,22075.0,74.5724,116.7336
成都,2024,1949.5,2610.39,28991.89,23511.34,74.6823,123.3102
拉萨,2006,3.9,15.69,78.99,102.39,24.8566,77.1462
拉萨,2007,5.75,24.62,90.47,121.91,23.355,74.2105
拉萨,2008,8.03,33.02,104.45,142.05,24.3186,73.5304
拉萨,2009,10.05,37.73,127.3,163.0,26.6366,78.0982
拉萨,2010,15.02,51.35,151.03,178.91,29.2502,84.4167
拉萨,2011,23.43,75.63,178.3,222.42,30.9798,80.1637
拉萨,2012,34.36,106.9,223.83,260.1,32.1422,86.0554
拉萨,2013,50.16,131.92,272.12,304.87,38.023,89.2577
拉萨,2014,64.79,169.49,303.05,347.45,38.2264,87.2212
拉萨,2015,62.42,200.4,341.19,376.73,31.1477,90.5662
拉萨,2016,70.79,248.1,408.87,424.95,28.5328,96.216
拉萨,2017,89.63,257.47,442.69,479.25,34.8118,92.3714
拉萨,2018,110.1,300.12,461.42,540.78,36.6853,85.3249
拉萨,2019,117.04,365.41,471.78,618.0,32.0298,76.3398
拉萨,2020,107.26,349.66,530.61,678.0,30.6755,78.2611
拉萨,2021,106.94,318.38,557.07,741.84,33.5888,75.093
拉萨,2022,72.47,355.33,631.68,747.57,20.3951,84.4978
拉萨,2023,109.14,452.12,717.53,835.0,24.1396,85.9317
拉萨,2024,120.64,465.35,792.11,990.04,25.9246,80.0079
昆明,2006,103.72,133.68,1156.07,1207.29,77.5883,95.7574
昆明,2007,133.1,164.65,1212.17,1405.05,80.8381,86.2724
昆明,2008,174.99,233.49,1547.11,1511.68,74.9454,102.3438
昆明,2009,201.61,270.45,1922.92,1809.0,74.5461,106.2974
昆明,2010,253.83,346.31,2341.54,2120.4,73.2956,110.4292
昆明,2011,317.69,441.73,2615.65,2509.58,71.9195,104.2266
昆明,2012,378.4,525.54,2967.02,3011.1,72.0021,98.5361
昆明,2013,450.75,585.76,3355.28,3415.31,76.9513,98.2423
昆明,2014,477.97,593.66,3495.8,3712.99,80.5124,94.1505
昆明,2015,502.22,615.49,3429.53,3968.01,81.5968,86.4295
昆明,2016,530.0,688.4,3540.71,4300.08,76.9901,82.3406
昆明,2017,560.86,775.9,4431.4,4857.64,72.2851,91.2254
昆明,2018,595.63,756.8,4882.51,5206.9,78.7038,93.77
昆明,2019,630.03,820.86,5355.45,6476.0,76.7524,82.6969
昆明,2020,650.47,875.05,5962.79,6734.0,74.3352,88.5475
昆明,2021,689.12,928.16,6495.44,7222.5,74.2458,89.9334
昆明,2022,505.25,863.32,7391.22,7541.37,58.5241,98.009
昆明,2023,558.0,837.79,8288.85,7865.0,66.6038,105.3891
昆明,2024,547.22,842.85,9095.97,8275.22,64.925,109.9182
杭州,2006,301.39,275.48,2473.69,3441.51,109.4054,71.878
杭州,2007,391.62,335.72,2578.78,4100.17,116.6508,62.8945
杭州,2008,455.35,419.67,3420.65,4781.16,108.5019,71.5444
杭州,2009,520.79,490.4,4286.92,5088.0,106.197,84.2555
杭州,2010,671.34,616.58,4990.97,5949.2,108.8812,83.8931
杭州,2011,785.15,747.51,5519.17,7019.06,105.0354,78.6312
杭州,2012,859.99,786.28,6022.08,7802.0,109.3745,77.1864
杭州,2013,945.2,855.74,6339.75,8343.52,110.4541,75.9841
杭州,2014,1027.32,961.18,6694.55,9206.16,106.8811,72.7182
杭州,2015,1233.88,1205.48,7507.09,10050.21,102.3559,74.6959
杭州,2016,1402.38,1404.31,8313.13,11313.72,99.8626,73.4783
杭州,2017,1567.42,1540.92,8502.96,12603.36,101.7198,67.4658
杭州,2018,1825.06,1717.08,9981.24,13509.15,106.2886,73.885
杭州,2019,1965.97,1952.85,11677.34,15373.0,100.6718,75.9601
杭州,2020,2093.39,2069.66,14193.63,16106.0,101.1466,88.1264
杭州,2021,2386.59,2392.04,15623.01,18109.42,99.7722,86.2701
杭州,2022,2450.61,2542.09,19598.76,18753.07,96.4014,104.5096
杭州,2023,2616.81,2636.23,23199.39,20059.0,99.2633,115.6558
杭州,2024,2640.33,2690.35,25545.54,21860.32,98.1408,116.858
武汉,2006,178.6,257.81,1887.73,2590.76,69.2758,72.8639
武汉,2007,221.68,307.23,1949.07,3141.9,72.1544,62.0348
武汉,2008,277.32,377.88,2428.02,3960.08,73.3884,61.3124
武汉,2009,316.07,503.64,3010.11,4621.0,62.7571,65.1398
武汉,2010,390.19,583.55,3590.56,5565.9,66.8649,64.51
武汉,2011,673.26,765.04,4036.23,6762.2,88.0032,59.6881
武汉,2012,828.58,885.55,4622.96,8003.8,93.5667,57.7596
武汉,2013,978.52,1122.88,5117.43,9051.27,87.1438,56.5383
武汉,2014,1101.02,1175.1,5352.13,10069.48,93.6959,53.152
武汉,2015,1245.63,1338.05,6059.03,10905.6,93.0929,55.5589
武汉,2016,1322.1,1524.68,6464.88,11912.61,86.7133,54.2692
武汉,2017,1402.93,1728.28,6879.71,13410.34,81.1749,51.3015
武汉,2018,1528.7,1929.31,7728.5,14847.29,79.2356,52.0533
武汉,2019,1564.12,2237.1,8992.96,16223.0,69.9173,55.4334
武汉,2020,1230.29,2407.81,10213.24,15616.0,51.0958,65.4024
武汉,2021,1578.65,2215.97,11498.18,17716.76,71.2397,64.9
武汉,2022,1504.74,2223.15,13923.74,18866.43,67.685,73.8017
武汉,2023,1601.2,2204.08,16208.08,20012.0,72.6471,80.9918
武汉,2024,1667.31,2481.0,18248.58,21106.23,67.2031,86.4606
沈阳,2006,175.63,268.76,1921.98,2519.63,65.3483,76.2802
沈阳,2007,230.81,339.68,1967.83,3221.15,67.9492,61.0909
沈阳,2008,291.04,406.74,2471.78,3860.47,71.5543,64.028
沈阳,2009,320.21,475.88,2948.54,4269.0,67.288,69.0686
沈阳,2010,465.35,516.62,3338.23,5017.5,90.0759,66.5317
沈阳,2011,620.12,639.29,3729.47,5915.71,97.0014,63.0435
沈阳,2012,715.04,766.09,4318.84,6602.6,93.3363,65.4112
沈阳,2013,801.0,881.28,4765.48,7158.57,90.8905,66.5703
沈阳,2014,785.5,914.37,5147.63,7098.71,85.9061,72.515
沈阳,2015,606.24,808.58,5769.3,7272.31,74.9759,79.3324
沈阳,2016,620.95,825.39,6145.55,5546.45,75.2311,110.8015
沈阳,2017,656.24,855.02,6495.25,5864.97,76.7514,110.7465
沈阳,2018,720.64,965.44,7288.14,6292.4,74.6437,115.8245
沈阳,2019,730.29,1047.65,8337.61,6470.0,69.7074,128.8657
沈阳,2020,736.08,1074.05,10329.86,6572.0,68.5331,157.1799
沈阳,2021,773.02,1032.5,11057.27,7249.0,74.8688,152.5351
沈阳,2022,713.67,1053.59,12473.97,7695.8,67.737,162.088
沈阳,2023,800.85,1084.06,13894.74,8122.0,73.8751,171.0754
沈阳,2024,825.58,1160.69,15132.0,9027.14,71.1284,167.6278
济南,2006,128.44,146.98,1182.57,2185.09,87.386,54.12
济南,2007,157.02,179.98,1266.66,2562.81,87.243,49.4247
济南,2008,186.02,221.32,1588.53,3017.42,84.0502,52.6453
济南,2009,210.19,259.92,1911.53,3351.0,80.8672,57.0436
济南,2010,266.13,336.8,2187.68,3910.5,79.0172,55.9437
济南,2011,325.42,396.88,2427.48,4406.29,81.9946,55.0912
济南,2012,380.82,465.67,2888.74,4803.7,81.7789,60.1357
济南,2013,482.07,519.32,3267.78,5230.19,92.8272,62.4792
济南,2014,543.13,571.41,3541.36,5770.6,95.0508,61.369
济南,2015,614.32,658.18,3951.42,6100.23,93.3362,64.7749
济南,2016,641.22,741.26,4279.95,6536.12,86.5041,65.4815
济南,2017,677.21,834.06,4465.73,7201.96,81.1944,62.0071
济南,2018,752.82,1018.25,5008.08,7856.56,73.9327,63.7439
济南,2019,874.19,1197.32,6438.09,9443.0,73.0122,68.1784
济南,2020,906.08,1288.8,7584.12,10141.0,70.3042,74.7867
济南,2021,1007.61,1293.08,8558.43,11432.22,77.9233,74.8624
济南,2022,1001.14,1225.57,10226.27,12027.46,81.6877,85.0244
济南,2023,1060.82,1365.29,11806.38,12757.0,77.6992,92.5482
济南,2024,1083.05,1397.15,13283.87,13527.55,77.5185,98.1986
海口,2006,21.13,32.25,406.96,350.12,65.5194,116.2344
海口,2007,24.35,43.21,430.95,393.69,56.3527,109.4643
海口,2008,31.03,46.79,528.46,443.18,66.3176,119.2427
海口,2009,38.44,66.61,610.29,490.0,57.7091,124.549
海口,2010,50.37,78.99,772.03,595.1,63.7676,129.7311
海口,2011,60.93,99.43,852.1,713.3,61.2793,119.4589
海口,2012,73.17,113.84,952.15,818.8,64.2744,116.286
海口,2013,86.73,132.0,1062.1,904.64,65.7045,117.4058
海口,2014,100.12,150.92,1119.48,1091.7,66.3398,102.5447
海口,2015,111.5,170.93,1262.06,1161.96,65.2314,108.6148
海口,2016,115.51,200.3,1445.49,1257.67,57.6685,114.934
海口,2017,125.36,198.32,1576.09,1390.58,63.211,113.3405
海口,2018,169.88,238.25,1706.5,1510.51,71.3033,112.9751
海口,2019,185.34,265.86,1838.69,1672.0,69.7134,109.9695
海口,2020,186.05,307.08,2034.63,1792.0,60.5868,113.5396
海口,2021,208.32,274.26,2222.01,2057.06,75.9571,108.0187
海口,2022,204.82,332.68,2544.82,2134.77,61.5667,119.2082
海口,2023,266.87,369.54,2875.3,2358.0,72.2168,121.9381
海口,2024,258.26,372.07,3154.84,2470.63,69.4117,127.6937
深圳,2006,500.88,571.42,3744.7,5813.56,87.6553,64.4132
深圳,2007,658.06,727.96,3792.59,6801.57,90.3978,55.7605
深圳,2008,800.36,889.86,4905.93,7806.54,89.9422,62.8438
深圳,2009,880.82,1000.84,5723.76,8201.0,88.0081,69.7934
深圳,2010,1106.82,1265.27,6717.05,9581.5,87.477,70.1044
深圳,2011,1339.57,1590.56,7427.64,11505.53,84.22,64.5571
深圳,2012,1482.08,1565.71,8389.06,12950.1,94.6587,64.7799
深圳,2013,1731.26,1690.83,9289.37,14500.23,102.3911,64.0636
深圳,2014,2082.44,2166.14,9974.01,16001.82,96.136,62.3305
深圳,2015,2726.85,3521.67,9680.24,17502.86,77.4306,55.3066
深圳,2016,3136.49,4211.04,10391.14,19492.6,74.4826,53.3081
深圳,2017,3332.13,4593.8,10837.59,22490.06,72.5354,48.1884
深圳,2018,3538.41,4282.54,13478.94,24221.98,82.6241,55.6476
深圳,2019,3773.38,4552.73,16010.77,26927.0,82.8817,59.4599
深圳,2020,3857.39,4177.72,18674.43,27670.0,92.3324,67.4898
深圳,2021,4257.7,4570.22,20532.31,30664.85,93.1618,66.9572
深圳,2022,4012.44,4997.38,24610.06,32387.68,80.2909,75.9859
深圳,2023,4112.78,5012.07,27342.4,34606.0,82.0575,79.0106
深圳,2024,3914.18,4700.87,30759.06,36801.87,83.265,83.5802
石家庄,2006,77.37,128.25,1553.24,2026.63,60.3275,76.6415
石家庄,2007,95.87,163.17,1694.72,2360.72,58.7547,71.7883
石家庄,2008,110.04,193.79,2180.17,2838.37,56.7831,76.8106
石家庄,2009,125.96,240.92,2567.46,3001.0,52.2829,85.5535
石家庄,2010,163.63,305.16,2920.4,3401.0,53.6211,85.8689
石家庄,2011,221.23,403.54,3243.58,4082.68,54.8223,79.4473
石家庄,2012,272.28,464.09,3735.5,4500.2,58.6697,83.0074
石家庄,2013,315.12,522.94,4157.6,4863.66,60.2593,85.4829
石家庄,2014,343.47,566.49,4387.67,5170.27,60.6313,84.8635
石家庄,2015,375.05,682.39,4868.93,5440.6,54.9612,89.4925
石家庄,2016,410.72,746.12,5348.2,5927.73,55.0474,90.2234
石家庄,2017,460.89,806.73,5641.62,6460.88,57.1306,87.3197
石家庄,2018,519.68,991.61,6473.25,6082.62,52.4077,106.4221
石家庄,2019,569.13,1051.39,7630.02,5810.0,54.1312,131.3256
石家庄,2020,632.19,1142.23,8774.58,5935.0,55.347,147.8447
石家庄,2021,681.36,1152.74,9858.04,6490.3,59.1079,151.8888
石家庄,2022,692.16,1250.43,11671.06,7100.64,55.3538,164.3663
石家庄,2023,737.89,1274.83,13553.97,7534.0,57.8814,179.904
石家庄,2024,746.08,1274.69,14831.04,8203.44,58.5303,180.7905
福州,2006,115.62,110.06,1311.38,1664.05,105.0518,78.8065
福州,2007,146.56,143.09,1375.37,1974.58,102.425,69.6538
福州,2008,168.86,178.2,1709.9,2284.16,94.7587,74.859
福州,2009,195.26,205.09,2048.27,2604.0,95.207,78.6586
福州,2010,247.82,262.42,2329.09,3123.4,94.4364,74.5691
福州,2011,320.04,363.3,2550.77,3736.38,88.0925,68.2685
福州,2012,382.02,410.73,2939.46,4218.3,93.01,69.6835
福州,2013,453.97,533.84,3296.65,4678.5,85.0386,70.4638
福州,2014,510.87,574.81,3483.72,5169.16,88.8763,67.3943
福州,2015,560.46,725.93,3685.23,5618.08,77.2058,65.5959
福州,2016,598.91,829.93,4087.54,6197.64,72.1639,65.9532
福州,2017,634.16,938.86,4385.3,7103.4,67.5457,61.7352
福州,2018,680.38,924.76,5053.29,7856.81,73.5737,64.3173
福州,2019,668.08,949.76,6027.11,9392.0,70.342,64.1728
福州,2020,675.61,951.4,6951.54,10020.0,71.0122,69.3766
福州,2021,749.85,925.26,7493.04,11324.48,81.0421,66.1667
福州,2022,698.52,1006.09,9029.08,12308.23,69.4292,73.3581
福州,2023,754.08,1004.9,10414.64,12928.0,75.0403,80.5588
福州,2024,750.5,1025.48,11461.16,14236.76,73.1852,80.504
西宁,2006,14.16,34.31,272.79,281.61,41.2708,96.868
西宁,2007,18.41,45.05,297.09,342.46,40.8657,86.7517
西宁,2008,23.45,67.25,395.62,422.19,34.8699,93.7066
西宁,2009,28.15,85.12,480.22,501.0,33.071,95.8523
西宁,2010,34.52,108.92,576.11,628.3,31.693,91.6935
西宁,2011,45.25,150.04,680.06,770.7,30.1586,88.2393
西宁,2012,54.77,185.32,823.15,851.1,29.5543,96.716
西宁,2013,67.11,207.57,972.5,978.53,32.3313,99.3838
西宁,2014,83.88,248.14,1093.09,1065.78,33.8035,102.5624
西宁,2015,94.79,280.03,1160.33,1131.62,33.8499,102.5371
西宁,2016,75.22,287.8,1267.18,1248.17,26.1362,101.523
西宁,2017,79.16,288.37,1339.19,1284.91,27.4508,104.2244
西宁,2018,92.94,297.48,1436.77,1286.41,31.2424,111.6883
西宁,2019,101.79,328.04,1548.93,1328.0,31.0298,116.6363
西宁,2020,133.51,329.51,1723.88,1373.0,40.5177,125.5557
西宁,2021,153.87,343.8,1895.2,1548.79,44.7557,122.3665
西宁,2022,131.72,339.04,2204.27,1644.35,38.8509,134.0511
西宁,2023,144.09,418.75,2512.76,1801.0,34.4096,139.5203
西宁,2024,134.46,400.98,2774.29,1862.09,33.5328,148.988
西安,2006,85.89,119.22,1950.53,1473.68,72.0433,132.3578
西安,2007,112.92,161.25,1997.56,1763.73,70.0279,113.2577
西安,2008,145.61,226.99,2504.41,2190.04,64.1482,114.3545
西安,2009,181.4,276.85,3084.2,2724.0,65.5228,113.2232
西安,2010,241.86,371.62,3677.77,3241.5,65.0826,113.4589
西安,2011,318.55,494.58,4155.65,3864.21,64.4082,107.542
西安,2012,396.96,597.49,4787.03,4366.1,66.4379,109.6409
西安,2013,501.98,729.81,5357.05,4884.13,68.7823,109.6828
西安,2014,583.79,819.54,5687.49,5492.64,71.2339,103.5475
西安,2015,650.99,917.24,6571.18,5801.2,70.9727,113.2728
西安,2016,641.07,942.52,7035.81,6257.18,68.0166,112.4438
西安,2017,654.5,1045.09,7497.3,7469.85,62.6262,100.3675
西安,2018,684.7,1151.87,8360.33,8349.86,59.4425,100.1254
西安,2019,702.56,1247.02,9553.93,9321.0,56.3391,102.499
西安,2020,724.14,1347.58,10913.05,10020.0,53.7363,108.9127
西安,2021,856.0,1474.62,11996.54,10688.28,58.0489,112.2401
西安,2022,834.08,1569.81,14505.38,11486.51,53.1325,126.2819
西安,2023,951.92,1730.47,16568.71,12011.0,55.0093,137.9461
西安,2024,1002.36,1561.85,18529.91,13317.78,64.1777,139.1366
贵阳,2006,61.58,88.23,582.2,602.88,69.7949,96.5698
贵阳,2007,75.92,106.43,614.15,693.72,71.3333,88.53
贵阳,2008,88.99,142.28,767.05,811.05,62.5457,94.5749
贵阳,2009,105.36,169.84,921.94,972.0,62.0349,94.8498
贵阳,2010,136.3,204.38,1088.7,1121.8,66.6895,97.0494
贵阳,2011,187.09,277.38,1251.04,1383.07,67.449,90.4538
贵阳,2012,241.19,349.33,1498.2,1700.3,69.0436,88.1139
贵阳,2013,277.21,393.6,1827.14,2085.42,70.4294,87.615
贵阳,2014,331.6,448.63,2010.58,2497.27,73.9139,80.5111
贵阳,2015,374.1,503.52,2250.6,2891.16,74.2969,77.8442
贵阳,2016,366.32,525.26,2229.76,3157.7,69.7407,70.6134
贵阳,2017,377.85,582.48,2646.09,3537.96,64.8692,74.7914
贵阳,2018,411.34,624.22,2835.74,3798.45,65.8966,74.6552
贵阳,2019,417.26,718.82,3164.12,4040.0,58.0479,78.3198
贵阳,2020,398.13,678.16,3634.58,4312.0,58.7074,84.2899
贵阳,2021,403.72,633.41,4008.76,4711.03,63.7375,85.0931
贵阳,2022,402.16,727.45,4646.48,4921.17,55.2835,94.4182
贵阳,2023,446.2,778.61,5195.82,5155.0,57.3073,100.7919
贵阳,2024,434.09,693.05,5664.62,5777.41,62.6347,98.0477
郑州,2006,176.03,187.66,1620.72,2013.48,93.8026,80.4935
郑州,2007,219.52,240.68,1658.71,2486.75,91.2082,66.7019
郑州,2008,260.39,289.5,2067.22,3003.99,89.9447,68.8158
郑州,2009,301.92,353.05,2511.17,3308.0,85.5176,75.912
郑州,2010,386.8,426.8,2911.0,4040.9,90.6279,72.0384
郑州,2011,502.32,566.58,3252.14,4979.85,88.6583,65.306
郑州,2012,606.65,700.7,3845.46,5549.8,86.5777,69.2901
郑州,2013,723.61,816.16,4475.32,6201.9,88.6603,72.1605
郑州,2014,833.88,918.51,4839.26,6776.99,90.7862,71.4072
郑州,2015,942.9,1106.02,5695.49,7311.52,85.2516,77.8975
郑州,2016,1011.18,1321.53,6297.63,8113.97,76.5159,77.6147
郑州,2017,1056.67,1514.95,6538.23,9130.2,69.7495,71.611
郑州,2018,1152.06,1763.34,7157.32,10143.32,65.334,70.5619
郑州,2019,1222.53,1910.67,7957.04,11590.0,63.9844,68.6544
郑州,2020,1259.21,1720.18,8961.78,12004.0,73.2022,74.6566
郑州,2021,1223.63,1624.44,9829.94,12691.02,75.3263,77.4559
郑州,2022,1130.79,1456.41,11393.49,12934.7,77.6423,88.0847
郑州,2023,1165.85,1519.62,12886.07,13618.0,76.7198,94.6253
郑州,2024,1155.04,1525.71,14353.23,14532.07,75.7051,98.7693
重庆,2006,317.72,594.25,2949.05,3949.0,53.4657,74.6784
重庆,2007,442.7,768.39,3228.19,4837.5,57.614,66.7326
重庆,2008,577.57,1016.01,3988.96,5978.8,56.8469,66.7184
重庆,2009,655.17,1292.09,4908.7,6744.1,50.7062,72.7851
重庆,2010,952.07,1709.04,5839.66,8186.5,55.7079,71.3328
重庆,2011,1488.33,2570.24,6990.25,10314.1,57.9063,67.7737
重庆,2012,1703.49,3046.36,8361.6,11797.8,55.9189,70.8742
重庆,2013,1693.24,3062.28,9622.31,13275.8,55.2934,72.4801
重庆,2014,1922.02,3304.39,10774.1,14911.7,58.1657,72.2527
重庆,2015,2154.83,3792.0,12207.28,16305.9,56.8257,74.8642
重庆,2016,2227.91,4001.81,13399.44,18271.1,55.6726,73.3368
重庆,2017,2252.38,4336.28,14367.38,20260.8,51.9427,70.9122
重庆,2018,2265.54,4540.95,15907.23,21866.8,49.8913,72.746
重庆,2019,2134.93,4847.68,17860.4,23689.6,44.0402,75.3934
重庆,2020,2094.85,4893.95,20209.8,25158.1,42.8049,80.3312
重庆,2021,2285.45,4835.06,22239.89,28092.5,47.2683,79.1666
重庆,2022,2103.42,4892.77,25459.0,28771.8,42.9904,88.4859
重庆,2023,2440.77,5304.56,28899.0,30614.3,46.0127,94.3971
重庆,2024,2595.55,5621.21,31881.94,32046.7,46.1742,99.4859
银川,2006,23.61,36.12,306.38,335.29,65.3654,91.3776
银川,2007,27.64,48.47,326.41,408.6,57.025,79.885
银川,2008,35.81,63.04,423.15,514.11,56.8052,82.3073
银川,2009,44.06,72.5,519.4,578.0,60.7724,89.8616
银川,2010,64.04,119.92,634.45,769.4,53.4023,82.4604
银川,2011,96.62,147.25,725.26,986.68,65.6163,73.5051
银川,2012,113.13,186.74,901.47,1150.9,60.5816,78.3274
银川,2013,134.6,220.53,1015.22,1289.02,61.0348,78.7591
银川,2014,153.6,263.9,1089.89,1388.62,58.2039,78.4873
银川,2015,171.28,309.27,1304.97,1493.86,55.382,87.3556
银川,2016,173.2,331.07,1391.35,1617.71,52.3152,86.0074
银川,2017,177.46,341.83,1496.94,1803.26,51.9147,83.013
银川,2018,173.25,363.28,1664.8,1901.48,47.6905,87.5529
银川,2019,154.71,346.47,1867.01,1897.0,44.6532,98.4191
银川,2020,157.26,332.36,2137.48,1964.0,47.3162,108.833
银川,2021,171.19,291.69,2323.5,2262.95,58.689,102.6757
银川,2022,168.86,356.55,2693.87,2535.63,47.3594,106.2407
银川,2023,197.76,438.15,3114.73,2686.0,45.1352,115.9617
银川,2024,208.44,444.46,3452.75,2939.53,46.8974,117.4593
长春,2006,71.59,146.67,1174.6,1741.19,48.8103,67.4596
长春,2007,93.3,181.56,1202.08,2089.09,51.388,57.5408
长春,2008,119.03,240.33,1507.39,2561.9,49.5277,58.8388
长春,2009,142.65,306.01,1834.16,2849.0,46.6161,64.3791
长春,2010,180.85,382.93,2062.72,3329.0,47.228,61.9622
长春,2011,288.63,518.68,2337.78,4003.08,55.647,58.3995
长春,2012,340.8,555.51,2767.38,4456.6,61.349,62.0962
长春,2013,381.82,632.97,3107.16,5003.18,60.322,62.1037
长春,2014,397.32,675.84,3380.11,5342.43,58.7891,63.2691
长春,2015,388.22,765.72,3792.78,5530.03,50.7,68.5852
长春,2016,415.49,770.57,4218.09,5986.42,53.9198,70.461
长春,2017,450.08,875.73,4566.99,6530.03,51.3948,69.9383
长春,2018,478.01,894.34,4993.24,7175.71,53.4484,69.5853
长春,2019,420.02,896.02,5889.09,5904.0,46.8762,99.7475
长春,2020,440.43,1084.14,6896.3,6638.0,40.6248,103.8912
长春,2021,617.09,966.49,8257.53,7103.1,63.8486,116.2525
长春,2022,459.69,976.67,9465.28,6744.56,47.0671,140.3395
长春,2023,576.52,1074.97,10750.14,7002.0,53.6313,153.5296
长春,2024,427.48,1056.21,11746.76,7632.19,40.473,153.9107
长沙,2006,132.83,167.19,1093.04,1798.96,79.4485,60.7595
长沙,2007,174.58,218.17,1177.17,2190.25,80.0202,53.7459
长沙,2008,205.57,260.56,1494.93,3000.98,78.8955,49.8147
长沙,2009,246.33,314.08,1881.32,3745.0,78.4291,50.2355
长沙,2010,314.28,403.33,2172.08,4547.1,77.9213,47.7685
长沙,2011,425.78,520.89,2526.93,5619.33,81.7409,44.9685
长沙,2012,490.65,624.62,2981.31,6399.9,78.5518,46.5837
长沙,2013,536.63,701.82,3482.97,7153.13,76.4626,48.6916
长沙,2014,632.8,802.38,3866.79,7824.81,78.8654,49.417
长沙,2015,718.95,925.0,4348.55,8510.13,77.7243,51.0985
长沙,2016,743.7,1041.43,4868.64,9356.91,71.4114,52.0326
长沙,2017,800.35,1182.6,5200.21,10535.51,67.6772,49.3589
长沙,2018,879.71,1300.79,5692.08,11003.41,67.6289,51.7301
长沙,2019,950.23,1425.98,6530.52,11574.0,66.637,56.4241
长沙,2020,1100.09,1501.23,7501.64,12143.0,73.2792,61.7775
长沙,2021,1188.31,1541.59,8245.94,13270.7,77.0834,62.1364
长沙,2022,1202.0,1566.26,9703.39,13966.11,76.7433,69.4781
长沙,2023,1227.07,1626.83,11132.35,14332.0,75.4271,77.6748
长沙,2024,1264.54,1663.94,12423.85,15268.78,75.9967,81.3677
青岛,2006,225.99,236.79,1567.62,3206.58,95.439,48.8876
青岛,2007,292.8,321.18,1702.04,3786.52,91.1638,44.95
青岛,2008,342.44,369.41,2123.36,4436.18,92.6992,47.8646
青岛,2009,377.01,433.58,2527.87,4854.0,86.9528,52.0781
青岛,2010,452.61,532.39,2912.33,5666.2,85.0147,51.3983
青岛,2011,566.14,658.06,3198.51,6615.6,86.0317,48.348
青岛,2012,670.18,765.98,3757.6,7302.1,87.4931,51.4592
青岛,2013,788.93,1014.23,4140.59,8006.6,77.7861,51.7147
青岛,2014,895.24,1074.71,4435.9,8692.1,83.3006,51.0337
青岛,2015,1006.32,1222.87,5023.59,9300.07,82.2917,54.0167
青岛,2016,1100.03,1352.85,5326.33,10011.29,81.312,53.2032
青岛,2017,1157.24,1403.03,5394.18,11037.28,82.4815,48.8724
青岛,2018,1231.91,1559.78,5913.71,12001.52,78.9797,49.2747
青岛,2019,1241.74,1575.97,6755.24,11741.0,78.7921,57.5355
青岛,2020,1253.85,1584.65,8030.95,12401.0,79.1247,64.7605
青岛,2021,1368.3,1706.76,9028.24,14136.0,80.1694,63.867
青岛,2022,1273.31,1696.17,10948.24,14920.75,75.0697,73.3759
青岛,2023,1337.86,1718.8,12758.57,15760.0,77.8369,80.9554
青岛,2024,1339.26,1720.42,14168.14,16719.46,77.8449,84.7404
